collector,frother,ash,yield
15.0,7.5,12.3,75.2
15.0,12.5,10.1,80.5
15.0,17.5,11.5,78.3
25.0,7.5,9.8,81.2
25.0,12.5,8.7,82.3
25.0,17.5,10.2,79.6
35.0,7.5,11.0,76.8
35.0,12.5,9.9,81.7
35.0,17.5,10.8,77.4
22.86350297118406,9.064161610482746,9.203683870812494,80.44833555090064
37.267857660247905,13.523761842229476,5.679424014596067,87.17558126311059
31.799848545285126,17.661822948455104,6.452517402723945,87.21326812769489
28.466462104925917,15.902811080119514,7.6799686704049765,83.38783869434738
17.400466011060914,16.83201434826812,10.026896958664222,81.75339655093204
17.399863008405067,14.984792083883967,9.445719110396219,80.66170811621151
14.952090304204987,15.403457056473156,11.02040766516779,81.92911777892829
35.154403644373375,17.36494564456649,5.803815623919067,87.81797503601211
28.52787529358022,9.870850110739823,8.378113777498763,82.43671889803392
31.20181444490114,12.867812045539257,7.030859464614972,82.76924772040171
14.01461235739506,9.515118022745028,10.132689694972763,78.23298247361018
37.747746304049855,19.095850099958085,5.6030959223768395,87.23147955391913
34.31106602001054,18.550741746082664,6.298597482631708,86.86244280669924
18.808477766956905,7.2428351421063235,10.586215396733563,76.91104524618692
18.045624180177516,15.569689656446105,9.663917074110016,82.20985770472917
18.085112746335845,18.31560396769582,9.468606464430506,81.37678386632369
21.10605607398844,9.00719181409167,9.22143708464529,79.3021310405853
26.61891079080595,13.849315381907868,7.909294195879482,84.90809850048005
24.298625466052894,18.193603719850522,8.383366688622756,83.18429466135196
20.78072850495105,7.174324732322486,9.71556087757679,78.93516870024943
28.796322368059485,15.4677533405855,7.642351491383592,84.30308469131612
16.987346516301045,10.466862592156884,9.929210405604554,77.155445155936
20.803616213380455,18.30495244220663,8.901748882209677,84.53409829518804
22.659046082342293,18.888228064567095,8.192135832697735,82.42918867578791
24.9017496054259,18.553331113917924,7.004084503874376,84.58887741110276
33.12939903482534,12.677677708218297,7.629838214030772,85.05260397349072
18.491844553958995,17.525533137366416,8.880505330204212,82.87147244759261
26.35586096034029,17.30686748168838,7.3026714671714945,85.38403179800893
28.310364221551062,10.738755915540695,8.402398366974154,81.60170116677247
14.661260317999943,17.11144342688347,10.650350097081846,79.08287057278716
28.68862129753596,7.212595433943658,8.247475515912061,82.1853992122579
17.763103092182288,14.203373481025663,9.92271328433368,80.95290671745526
15.126289824631987,9.625110466096288,11.320383715324446,79.5324019466571
37.222138431333335,8.257086072215985,7.238562206532506,85.55502940988917
37.64080082686398,7.711915020365114,6.978273359211049,85.55031092735678
33.70993370291153,15.453609698476747,6.331457885104521,86.03480263018233
21.11534422933427,10.998437047100825,9.288370486743663,79.86849167098806
15.941802850159597,15.809584644109519,10.05827367487484,82.07260752305717
30.605825662803923,7.56695425998678,7.7827222224483945,81.81370585495291
24.503812343490033,10.69112922288263,7.609892906122294,80.1613641778138
16.55095587111947,13.493641154691716,10.459042554651182,81.58263930145843
25.879422752781757,16.634039560487047,8.35597693591369,85.74768215711873
14.35971302788046,10.734406286650874,9.911430233655357,78.26691544758516
36.23301005196955,14.573642205462614,5.637486306431727,84.80215880701505
19.969499540000424,17.824721852952337,9.216968944559662,82.47204296284879
30.06305710884955,14.448289852278808,8.423892835244118,85.81238371141679
21.292776902235275,9.661993434420422,9.877542458227586,81.65972655862366
26.50170052944527,7.055009769456725,8.852406958077868,79.38640503660665
27.16775698358199,17.626235923761623,7.406064994166938,83.26871591268034
18.121361388138176,7.0158676356298395,11.58578578660198,79.55215728322473
37.739615694113965,17.683770908552493,5.051529135332065,87.75301282757069
32.87832058402786,13.36171417534015,6.595482753568278,85.17522570241466
36.98747353910473,18.488346231411203,5.162881596376358,90.16384380249893
35.87068376069122,16.734790447170816,5.413980376656777,85.52138021873257
28.44749947027713,19.224176381666716,7.063208806691963,86.61719242355821
36.54685587557792,11.133897693146377,7.407883400147239,83.51403753023139
15.712312551297988,16.339853611639086,10.143099084552553,80.55151092391102
18.39957156047863,11.774136420115527,10.002788473823802,81.24478421696358
14.630682222763452,12.74844525379886,10.590691132919709,79.02247169937111
21.633258269081608,14.593818290229626,8.277680198300905,84.11623421242813
23.21693224223705,17.670963927329232,8.722523851026784,84.06970238338921
20.283725794347397,19.051043364991187,8.621679737875441,82.7901836948445
34.218437728798236,16.353417673306478,6.188059846449067,85.48734369158107
22.418833167339734,11.972084777091672,10.891974433890732,80.71656599818324
20.523362742184517,12.016962528463377,9.81715952647643,80.25392692907892
27.067402078956214,15.969778769861144,7.390157243681993,82.58298684252715
17.023105624369066,9.734714322103779,10.496992928707847,78.27911421385932
33.554924518850996,8.130926414142433,8.218598988706812,82.97580200026917
15.36376609199427,11.182776970509707,10.881465441293573,79.77319162475737
38.172173415012935,10.340487395676021,5.670353218487326,86.01476492166073
32.806119232416435,10.453851505699877,7.905312894949333,84.6584389929215
18.46789203835431,9.670096888123874,10.096835016341059,77.24186109426327
13.63805292809006,7.276164870454523,12.692613571922582,75.67255142493096
33.886535711370854,6.973424184167673,8.291703262958002,83.40206754067775
31.17143359619043,19.096529871700394,6.252572852177479,86.72599950025626
31.725179201024684,12.097164171698278,8.055897714907877,82.17767333166009
32.781758667148644,11.554083089496022,7.319463558409569,85.4741394056703
15.35111629335226,15.245591033663374,10.64432492384115,81.59480959463237
22.461643213606813,9.478173598313301,9.90331172617888,80.5234390553816
16.396726488128245,18.624514799377817,9.07879915497224,80.43467716929469
35.07758564688984,16.5793126801944,5.750811052434142,88.02106096427505
29.08245317068895,7.867637528903244,9.093344145317303,82.00664531369343
21.77245062131623,11.969759697311606,9.25765825508674,82.24747897395135
15.088958757150591,17.73897884452706,9.694537190269825,82.42926713453936
21.274558042891556,18.559150278642626,8.058654559950618,84.81803581215587
21.62958305066868,12.59251889062337,9.572005089069489,81.39791473706845
31.740154458451602,14.417642365133847,8.095585213161174,83.65040135636309
29.43893678388033,8.83792432615094,7.827757537174156,82.85148065914323
35.68031856440817,19.139607826712208,5.5801048414479135,88.64183384021521
25.305373129048732,9.645896267293043,9.773151211804011,82.21898319442818
16.48985614845754,18.53414717668907,9.457085998182272,80.84013973941585
31.331119680574876,14.870583112404606,7.3043744951492,83.92746994873545
32.519626215422434,14.34670993598574,6.387871502444212,86.85620990789833
27.531929939237408,13.158606387706357,8.308976602600389,84.32293273066206
32.77417949886403,9.633372646471983,7.481586070754122,85.1185168630493
25.844889909109767,8.956600400068854,9.555396956007648,82.17096841741615
26.56832073454985,9.506077613377192,9.429117236865826,81.96154848967703
24.18852545896374,9.08047827680318,10.670004987696082,81.30527989652188
14.13547816860238,16.494805919584415,10.56350006494865,82.19507751417451
16.19728567483261,11.126565739584127,10.829456162386942,79.42503901633118
14.285729642168356,7.473033457042455,11.69409120379863,77.60449757278104
29.41026028159451,18.86378287676014,6.686797365761732,84.7944980991968
21.358899526908168,17.79732356204282,8.802863482042788,83.22228416335399
26.21426727911757,18.34690353994016,7.432410308115946,85.86863004754373
36.189161848152324,19.186347783080443,5.543445951042275,87.41505846094333
19.732305728721872,8.923690615243592,10.948784029773066,78.09818468681213
23.759573075890742,11.703025236283235,8.564360316739545,80.86438925017818
32.388778463576216,16.22798094630114,7.232986445904107,84.97382842956465
19.21995413729056,15.450257725672403,10.07202804736096,80.6057398796017
15.424497745719824,8.673698829248188,11.130011362973269,77.59623222688757
20.7437863228442,16.947914062382722,7.823128176569454,84.43365557734049
17.53053218135011,9.55550714795826,10.331656497989023,78.90960110054321
36.742441308564324,9.547720185282788,7.442850983775271,83.3935019899437
33.70300948911043,13.46218028616767,6.8036370281033225,83.6036616387237
29.335093912760584,14.16174918552129,7.084067723472233,85.0498524285884
35.286514754692945,14.001077597972639,6.165147948751406,85.51758052334249
33.59180192247786,7.893585467471936,8.092911808635913,84.32229855007357
18.164251472150895,17.718260782879753,9.557777372238547,82.97462282936026
35.813974962249446,10.070000532358826,6.782238878111439,85.75715850378384
26.98355604789127,8.368936516035053,8.739536107109144,80.3304255784552
33.68600387910156,17.859350998362217,5.963017499903443,87.8189772529196
35.90228249808733,18.695643727871918,5.128991848952493,87.10519017934983
21.450086874296595,17.526595215818134,9.463681187502681,85.0019380664174
16.25129811319192,16.868950934060976,9.633237502646798,81.96846693371546
19.198379063548543,14.940524757987772,10.102824734004873,80.83377082296103
24.177694715656408,13.635717132614241,9.454761512937807,81.5856427169117
33.95036914806233,7.837334498892627,8.10848144462762,81.88375088426231
35.01826458140859,11.855665163383733,6.577187152851698,85.82630927535098
13.673803263279767,11.408606462653925,11.330813423114261,77.34044601603719
26.268682564439143,9.996922297004078,8.809627339366102,82.06058675184332
23.935275078719474,15.792751421107312,7.9671813407249426,82.3562231997602
19.052695261768257,12.948446688484635,9.984373585234454,81.3430630330998
16.49663418334207,7.763077698845599,10.521691612924846,79.11398024870303
21.9403792850907,9.502290024372641,10.355420333556745,81.29513076785489
37.072742597812976,15.290734545744948,5.634532649926465,88.08152192136498
21.580073300518883,7.701635743628753,10.204319806288328,78.10556591037617
26.469765543584153,17.39008642560961,7.814177863214797,83.05050402125717
31.075473972379445,12.93933158767468,7.289552980520869,85.09417014073325
22.59074005948235,12.7573322165831,9.436599056353701,81.15354375965535
37.79455206802402,14.15509730824397,5.655373161847337,86.52978944931817
37.56118237355278,17.058512074064364,5.93963536290841,86.01635591286514
19.794557395634104,11.097615098777414,9.278456415933192,79.21571905530139
25.931212647309636,15.225201906988294,8.168166974263034,81.80415017248606
21.021957745419243,13.821649549947388,10.266825517953185,83.15199023400972
20.62101235943669,10.087853377117767,9.437453859242208,78.99503179155224
14.42217368386332,17.732874829439474,9.691761553548988,81.4491507152268
28.73910834949742,16.7178252700866,7.576458464416983,83.26477989552838
26.06697558072154,14.980647933230319,8.204298584840942,84.27974141273123
14.786968781249733,17.38227161367802,10.18558055133513,80.48110866286251
20.466161605915286,17.59117751199753,9.087684617091144,84.56799623440426
36.20664714916634,15.604537208937934,6.310350723106925,88.45628178406122
19.489047266674312,17.212666604545902,9.650140476961365,81.83294329526764
17.122371802280576,15.468393270866045,10.035175977378234,82.72791243179246
25.736319006939077,15.251759647003755,8.019343424252348,85.60623025487834
38.141261352765014,14.482642227689805,6.110638245894891,88.33709795340121
19.55138178778751,16.158957994470516,10.190820910719529,83.50848312514537
30.303388685146963,8.73256381616342,8.138120817354807,81.38007707644582
32.54049038321794,17.760884489986605,5.915504597523099,86.97331050639104
19.440938599809993,17.6480440968154,9.593146000159177,80.96052287453863
31.70540871529649,7.115591037931989,8.106389019274104,80.53753077704842
22.694578317981332,17.072709382059536,7.388843156087783,85.43302769635139
29.307645764839485,8.360873343418065,8.883050684094604,81.2432000645227
29.338242769022365,10.938985678239273,7.798839501482673,83.96980275019781
26.894367101868962,16.0438532036451,7.7442819579273605,85.51251162412599
15.757244251360207,8.759498700603853,11.275616509921887,79.46306583967852
34.38256238973095,16.974587801488276,6.2475491917201005,88.89511702712322
21.519501624293397,17.151677224471776,9.053074000040073,82.08250731810419
18.162962759996354,13.093346672010453,9.76066226191424,78.64763080424189
14.519378538869098,6.829823396460419,11.903203681845158,76.53250899222323
28.272323579706047,10.33797666468641,8.24006544556387,80.93721041910216
30.43910904605706,14.461586479696777,7.6873454592778225,82.80607086234404
13.914695723196404,19.014827225342792,10.247520513565826,81.02204691566197
26.302326457482025,14.647669087708355,7.649664994325041,84.68471857662888
19.16239437994845,9.997544763301997,10.785880467602526,79.81245898420562
29.629319760236246,14.67507128874514,7.179893632083955,83.80993640041035
17.859160725124788,13.499817246448194,10.382224167148385,81.17504313808759
30.773443452561647,16.498067439389295,7.129244850279947,84.55933273275944
23.168383657513434,8.08725798533698,10.647326409094326,78.04294407567716
36.918249718418366,16.262848781275352,5.640189747939097,88.43802797378135
16.93802360364983,13.515832233451379,9.985362046193227,80.78271231393154
22.02665877625646,18.787400048237433,8.341848434569224,84.97216815017576
16.33683803101473,11.023402075483576,10.50253219105738,77.26616430624851
36.61734045696407,14.657773664174352,6.452836809952056,87.99679011408156
35.43348383452452,18.400351318875217,4.920095231045518,88.26829047805266
19.94854069287889,8.03137159988349,9.85374491186852,79.25069225066761
29.999601150854478,18.46535609045564,6.271374895471161,86.68447897389672
33.9305550050304,15.348571528760166,6.961757065666683,87.57632810048665
27.380020289986557,7.597963238814649,9.814608142471453,81.40093740875744
26.74126445890016,10.512044586835202,8.597715810925951,82.35099869195685
19.546307272511292,15.60215110806602,9.241005017692832,83.86746925324286
15.82756919514748,7.591882518359646,11.305729864773149,78.61194443416238
35.93039394883317,14.027130752203416,6.865790748706948,85.95914570733585
36.01045142908326,11.07353821191196,6.248202415301266,85.86213871362148
29.327536431831696,14.511443972093463,7.651960609187033,83.95976040515406
21.975744776217518,7.321775422656411,10.56918354624925,78.23693545186183
22.23023936531652,17.644210076904706,8.732867700370912,83.91416334790786
31.648891971755983,18.91861211471746,6.502220596740556,88.57484082986957
35.92775649881443,18.860973191071146,6.0608257678600115,89.83927430613463
35.677160606627936,16.120647896786558,4.66985454765681,86.31902845312496
32.996888646440595,8.3760780016329,8.0581482302324,83.16020765947212
29.550791153857194,16.22828994911278,6.903560435297932,84.0030969200817
15.60349912487622,7.057336455735019,10.480383258236275,79.28650875775242
17.540717852365344,7.026544394112466,11.268476070172552,79.79730474482633
35.963854713176985,10.795127739369265,7.449789169040692,85.50524322853059
28.660726491489747,12.858039880058321,7.845424462379456,84.75909013818014
13.729926290415742,16.380092722597414,10.848438107128707,81.33141562129849
16.036788571650803,15.291192207581314,10.880102583526964,81.10014633068562
30.087544227701397,12.323783829709354,8.366380806795341,81.96916878814974
13.626539596155467,10.170333328520822,12.14412434617648,77.77515258046562
17.520201285437466,19.21405625197139,9.559915050652744,83.44082809508944
27.218344734164653,12.077266277949661,8.357457930925415,83.50653638696399
30.79737994231733,12.392337804120944,6.755690434969807,83.4886395780331
29.799031487565014,8.795297764895864,8.172867793687644,84.02459649885998
19.106732736513994,16.685119359374116,8.829262251132986,80.87549569365095
31.3044805336884,15.421027822268607,8.086421078670934,85.3611930738762
19.431227187420003,9.509620159859505,10.174368632320904,80.19675212637308
21.634992453981695,7.779763070198033,10.142639452066199,80.19094618784095
32.162285127950604,15.256241275933913,7.129849471040026,86.14573787583402
29.740822476180366,14.93139017851419,7.408928201173024,83.79595566806722
34.73058526235445,10.165744087477616,7.951546854622842,82.91029948844385
29.940322307508584,18.635794528130127,6.480241678411538,86.78017581081146
27.70771508338679,8.638223647261253,8.835027163852073,81.96481244847828
15.841869195702312,12.154185013032524,10.212263116055635,78.13165880508066
22.69289507648584,18.545199002094986,7.59462987877823,84.846504706066
20.130059192043134,11.996591461576529,9.443614896902252,80.45834230917818
19.59974108447709,14.73157434580107,9.426797232710216,82.24359443007616
37.825263868811135,11.719929974534928,6.037306617798903,87.1850194695379
23.32744311666901,10.177690029358375,9.036647382325514,79.54822266105174
35.80116387942783,19.049720599497853,4.854150402353838,86.23681687561483
29.278465649931572,11.866675078938037,7.8977528218586315,84.44662007213783
33.370282588541215,17.926240045989182,5.459647288377878,87.4203704955685
26.0659273276298,9.624432573638577,9.298177630273054,82.26810950623286
27.922597115658977,9.413808800313541,8.619629133288425,83.29492255477768
25.812942345471598,7.139176036056392,8.612759375764755,81.61079685736203
18.381074694951113,14.895835317198562,9.50980522490506,83.11633712308004
31.56130288153763,11.356579296547014,7.18317432641513,83.95476289848857
20.519309061021396,17.554478122995462,8.997553724555992,82.93156649814422
14.107899160786346,12.665123833644465,11.523876815807633,78.70596808125661
29.636807397679195,18.85241784893402,5.882189608301186,84.84677353025418
17.927766985176223,9.069068946289015,10.68659930059511,79.09638660559655
37.01146460882286,17.607789599445134,5.4514722405353355,87.05460531972882
37.34821442506468,16.45746065989677,5.97240805422778,89.27267864033001
36.371609755511216,16.38652305805065,5.949297904309004,87.59885536698201
22.75396750638611,17.309790351461096,8.051753280134202,83.9214671145327
13.886415413221686,16.262799886787484,10.198769966504232,79.89074322218954
36.70796406469313,14.577754020392693,5.648731155600725,84.85144823547584
24.204603707932858,8.390560971029846,10.013498682058248,78.54458056228373
37.66637047609174,7.156577243640649,6.978895142571523,83.65588261689656
37.59049942723132,18.260598097696086,6.268405742775825,86.71965057963678
34.825236386684,14.458128931509226,6.410902976029505,86.45821031076945
20.86122230173964,16.706716137202203,8.54254473561651,84.2649451679614
23.12744321504813,12.769029393906877,8.277299751597928,83.37750398815207
34.77841678792142,8.21635236202993,6.4852939499832525,84.15624762171733
21.423050128906944,8.314822402531881,9.251098642336084,78.39777132557654
17.737318667152312,15.319566090362143,9.863164678520958,82.70100936172604
27.420031561458753,12.128823686243283,8.526032646386724,84.42191268418776
36.90386935401952,9.256559083754208,6.0151469156168975,83.36039877951937
30.900744916874324,12.894931834267961,7.908130398522998,85.17790055185219
27.751529252234125,7.552611713439176,8.650271866695578,80.29258165675441
15.929412344269213,14.024642523929984,10.358817658549436,81.39924196226448
28.875180667479242,10.112417555438721,9.089211547316056,84.49647282203367
38.25134625260658,16.719488757964854,5.865227093716721,86.08330340028549
17.0021003809131,10.629524486544671,10.445885926882761,80.74190337205552
26.458241309093417,12.440251863522516,7.971717845945297,83.20409527253167
35.43432679819888,6.895256748851258,6.377938427367881,85.08193121565944
32.01921544385511,7.655586097431986,7.663242336992971,82.32803714223505
30.9253935248817,11.65616945508356,7.535930757347279,85.12963756178343
31.06210209967773,12.749235433964044,6.956604501394255,82.46790107788205
22.48727878049388,14.250256851491297,8.874377232631375,81.58740257505787
20.839796106612333,10.39578223386629,9.886099385076973,78.47831787653506
33.73402888696284,15.437273576581783,6.400175195216124,87.99649063063785
33.75283486697952,17.501529964865057,5.874202241462608,88.19435807512723
35.17680796450259,16.498137361166872,6.149245138907814,88.3624870188014
36.33101381391178,7.2452353168544645,7.442982264474177,85.34925919665089
26.283559971523445,12.756336840722863,7.859637940865458,81.12801667222531
26.03790736717999,8.061627230227186,9.86364063190306,80.3784134722982
33.45737947416938,9.775562698281593,7.367895634281754,82.03157847773946
29.74909826944413,19.08328241583933,6.772112795207698,85.20121485336908
31.049171931442583,8.531194286268915,8.439593682399424,81.44469240209102
33.39481673590252,12.986101918141951,7.064729430729953,84.88931463221785
35.750133545439155,14.47694667897649,6.729999606022317,85.39006740503692
21.949878921288395,15.5308121318013,8.998964478573038,81.00120095637807
22.889573815998602,13.745608543586426,8.629025267942096,80.83507991861057
15.849548496021725,6.872135592739796,11.555021724487737,75.8928210401108
27.95700352490435,10.8307663530499,7.787121238401314,84.41171479034045
14.398556844918552,13.221395542308894,10.766359152558218,80.44529529807302
25.139950453311506,7.848331239310417,9.353145228118905,82.35236349279586
27.066115867689415,11.13283664011476,8.387792901808632,82.13193136238436
20.663531303207108,7.165038859892082,10.303269154655299,77.97854886156959
28.270831514225268,7.73223121443776,7.820074492240462,82.56731472887944
14.262506248476235,11.71154095251995,10.691405153556278,78.06838392771544
14.433704718730361,8.408946925538254,11.473339467993744,76.69122368065581
34.06501401649146,13.844260603269477,6.7652863022099865,84.48723241508655
22.50476603528157,15.368312114215822,8.254962405348333,81.21747056916773
16.67651281629712,16.757333738863537,10.358951296343395,80.53173958450161
26.55608150137011,9.251878053060127,8.442914567659706,80.88885466553064
32.74983882746527,8.843532278238373,8.18323099303456,83.85834139211784
18.895525687421078,8.057098004180004,10.800927342824625,76.94175627677613
29.07226189547501,14.705378119295458,7.231627248088777,83.24585757502206
15.6336866248442,15.580946581086264,10.998776134172976,81.95857918105447
14.792043029215193,7.1448268103205255,10.948048956730643,75.68323132722786
26.783865789203702,18.452653078046122,7.909905967257342,84.58680155406965
27.015878040252662,7.399641045643405,9.562169394124446,82.32325551776572
29.435747537455164,13.51620419126338,7.325109759281136,82.65690718231568
31.65228334306654,15.613256493136456,7.598787507448388,83.87193494264729
37.896301986563365,17.63711404682607,5.225149238363939,88.16188819501947
26.407508707529885,15.676086651655348,8.086432075385648,83.20236531803523
21.573911823531148,16.771601038372395,8.874638398923523,83.23444742034371
33.37965486921759,10.993127406785076,7.182945544403446,85.42636698541321
20.270806281551856,16.9353139218314,9.385945791994809,81.20396140580908
24.4742855176409,7.751435579808439,9.91417191977666,80.56565622543279
15.46140953355665,17.935208200756595,8.91817087655609,81.6345411819291
14.133768585386438,13.594904701921703,11.36118069907353,78.05440760043741
37.56621036694813,16.96622212453117,4.6855786139128615,88.35234590201284
34.39950301280514,12.403978556478751,7.350775716137987,84.17600399787612
30.899355152342448,14.794721189956562,7.7392733594518175,84.93903229586141
23.723823610356746,13.330033261701416,8.28524707356584,80.57824968489585
17.832358001771144,15.894869021941648,9.418890902377232,81.34599123816248
17.41092606677715,7.77037477538237,10.374406236094247,77.35728160235738
19.756072454114882,7.5044010498820475,10.390664836550346,80.0181070009287
27.230666617653014,9.838790425126831,8.499030970607501,80.1326310633361
31.36489806750156,8.744308501414855,8.380204377422128,82.38162192048974
30.004934417943282,17.647294582402523,7.582073302110768,85.69412385486974
20.49834742364857,9.490174841975554,10.749646194368928,80.64559846908126
37.37163201657985,18.94831569773914,4.977342228734007,88.88796618443044
31.947422917394213,10.961197397138836,7.436724870078067,84.43755518285052
27.358851312785017,9.02647394610874,7.90753954941621,82.72644211488603
28.793018655858805,16.62123133928099,6.9202765346879955,86.53521002710279
23.990001560694747,14.983847193760951,9.011848425345635,82.24604133260269
19.693274737528938,12.977446455664237,10.497519495918691,81.05105182498
22.39931696628154,13.69204438672039,8.424155512795672,83.35704515832941
32.44615276160923,15.740022228403298,6.428533983841212,87.78765924370433
13.859837215743896,9.605684266641234,11.348977038375573,79.35830211555472
16.401816012672906,19.204173950709276,9.55409128426883,81.8880834345831
14.650066050543819,18.93491452683479,9.399947850905196,80.54965169477165
14.518220057974254,14.879071079336711,10.651525848736686,80.06466459875331
34.88651460027518,9.244280636614313,6.974135310917359,84.93023244207244
31.09144648450059,15.252853030391142,7.061556613102071,85.19885144051983
25.35434572718313,7.652480112239698,9.629400961729269,80.40001921630548
15.945854016275037,7.133156277572576,11.319066890014575,78.78994040023873
25.79039687792081,9.971036106390171,8.703072263194027,80.97114862220104
25.336794269514144,12.532786959241454,8.572918200248038,83.8533317637974
17.83004674775038,17.603406317604758,9.324298223206544,81.8175957551739
24.346291230949326,15.83961337207885,8.144794233057242,82.75266514082969
23.462618359934336,16.03383151499976,8.348003569429617,83.068277758779
28.89625245130541,12.068666680600941,8.784773092901133,84.34613024233147
29.377341271691094,11.074187406837037,8.318863358606844,81.5468854556981
14.632600244301113,11.387984537307535,10.792542111529066,77.53065075170142
22.86531536566178,19.095619546700725,8.486071197117901,86.10362173103118
29.146497892855912,7.2513648926560315,8.491085942652408,80.14646183444462
26.078406464502194,17.587893701530607,8.30769697066329,84.92958869168712
34.91224602970806,13.983442607154917,6.679855499084198,86.18430871842214
29.967340790473624,12.232692739869881,7.692976858922678,83.64177718129102
17.573360677035744,15.815720755189206,9.911828214219607,81.97727749949368
15.264218685010746,12.833361767808785,9.811713921792283,78.43191721581721
29.56048195515789,17.667790476020755,6.449351303110406,85.94590984806267
14.162782763540545,18.00877330014073,9.444164949071252,80.74103717010604
28.14438953183658,12.021511585918192,8.214366903126807,83.698590532435
37.00575603562394,10.210347465438144,7.508554172802036,83.55075997035505
27.886854446896976,14.154379107417029,8.990122317604367,84.1113176443938
23.20424815516305,18.154541820208635,8.529994646656473,82.76417259616566
29.58220546105883,9.383277362570832,8.501489540874838,81.54254483580613
24.956322262287916,14.537082294543534,7.502644336284517,81.97656879779812
27.140419732898373,14.644502751156507,7.678903740879838,82.53127813980738
37.03662021941313,15.913912780191012,5.386697163134601,88.57939498414301
23.152565945019354,8.394596064090747,9.374873602256958,79.24643847978567
37.529764095597855,15.697812058526107,5.630303462809117,89.04654917954758
36.13376604890159,18.112906508320513,5.39526552512304,89.76499851937945
18.39477836973241,8.996038860878024,9.55698859173392,79.20189093501932
15.234032521879136,9.71929156154847,11.44425488945067,76.82993087184603
16.019450034435668,18.892438675520495,9.000872678914888,81.66100345405722
13.955545641288744,9.012211908868622,11.551682517467531,78.78247750932691
15.86107401889821,17.42981366711974,10.825354481027382,80.99981058730563
30.575169335408923,12.903473205600434,7.0647528562849375,82.48200895607401
15.279716211505725,9.840388430039713,9.777854731819732,78.54720987918036
21.474390757344032,17.634373765906393,8.49196367270518,84.6765501395499
34.62188277423637,12.316315687533319,7.353655909522013,86.29679665585824
14.081798393395646,13.185216924121129,11.760031509812997,77.99911884818854
33.86171206472339,11.24041711749707,6.501820222204552,85.14573892406572
20.546369369334997,14.161885642936593,9.589792891310772,80.51068212171772
16.454120690541405,8.794048407312784,10.732413372404775,77.12668570829622
30.918429134103768,11.63851920814701,7.592562114805126,85.22722351671067
29.2235711694971,18.867654029191094,8.222309335230433,85.11280877348649
35.436800338176326,9.976667908764094,6.239654581852543,83.47469665103057
31.876776095097146,14.959208306766152,7.082633365712934,83.3493297142808
33.58702325962122,10.814875802808686,7.469210563537169,85.6847334355119
20.550864314282663,16.41841407108251,9.544958188950762,83.70300417555434
17.93598859449307,8.385920758979372,10.778905743989926,79.04448062230239
32.26536879102146,18.87276306348181,6.445037052025487,88.02977891845453
33.6708684816816,12.42236926729549,6.78164662985846,83.47840252112064
38.26262855001683,9.7006307918308,6.6019431418445675,84.99233526008767
23.815441922785663,7.668709341625158,9.490009076450388,79.41699386288089
22.80045214481958,8.87197381359426,9.99489944392497,78.56403127391164
32.91032401854992,13.247174356950222,6.821053874725664,84.91648888920476
22.020088506325447,10.962539705391078,9.71515153987734,82.4740010354246
36.76893314008912,17.111042073532616,5.639925654109794,85.83533324764257
34.9603187960753,12.136094045772573,7.325547259305138,84.30837691110679
24.22485068437546,9.858928407345374,9.225493740228858,79.8411903130736
32.271776694787434,14.464312332550374,6.064481577056515,84.21984455611917
32.36357185211706,15.584715211068072,7.395539098273372,87.37669584757984
16.078096720898316,8.838023848761873,10.580810928074746,78.03091477271141
36.06382266698917,8.845240203603971,6.708566266737159,84.02244053329761
26.13130931119643,7.2083928366692875,8.969648565238575,81.56505249784777
34.16143665269354,15.955025188320507,7.036677937798624,85.04840988715596
21.50124002576529,15.047556595272564,7.949781398566708,82.2184560622388
35.888080712405014,12.682885946872673,8.063825232318091,85.35951944895481
23.23004196835408,17.302130612114965,8.861700419044967,84.07750759753884
13.770941287007458,16.820876911875665,10.409299662881738,82.65786396385425
36.13454941048159,14.066929554959401,6.210603684351627,87.34493222145643
15.782166919653339,17.603391006415734,9.9208350025358,81.167469290532
21.482840939760372,9.323015125459603,10.140540757418654,81.28427054120814
37.251549176270125,8.1489952424716,7.224948671350263,82.9178963031196
37.2651786734389,10.12187014396237,6.881485976719587,83.15015640485245
27.835947203082153,7.463585701116436,8.933063044843728,79.95401193122831
29.295930304244983,13.3896191000129,7.608701863995404,83.3062729557357
24.711138049457993,18.45757115368702,7.788500075228591,84.63869290615045
20.830269292451614,7.241794258356371,10.22522286257988,79.40631505324282
21.7166136342479,8.276373925125334,10.557106232815151,81.26795652918219
30.31296140192596,12.40248785354294,7.948812902723797,83.89429960019679
32.309363235942,18.42343771909881,4.8794173776146375,86.86728663692503
33.28947609314621,10.701951312209381,7.63976247280423,82.26859539211954
33.240453569863845,13.090435108604906,7.060712117095882,83.147956325026
15.780152576217258,7.269660738129901,11.319165995814116,77.64654991578261
25.860507617564537,8.60429001202611,8.917995748138733,80.75258274307318
14.938969000416106,19.082876536985587,10.286831079361946,83.27156289484026
27.23822205809339,18.813983705450568,7.779021263625165,84.13977843845561
24.538262534334425,6.811749761680121,9.25914619496929,77.98606531344058
35.69260456895749,18.647647317790486,5.8428581321021955,87.76299536952394
22.27287531380197,14.738999222693755,8.423746686564899,81.32737651022713
16.426675410690148,17.598978681500277,8.960009033242462,79.9660515891625
17.074792051320898,12.434248195423239,9.98154574812735,80.79453004095608
32.53776579293681,13.194950357240629,7.519401024017923,83.28568188060628
28.955451582906527,12.860582253211502,8.331384868125012,84.06414637618764
16.028066903069757,15.085803219326305,10.36305884653575,79.76694035931901
15.602670152874936,8.49564068445391,11.542667760180924,76.57304152106414
31.024228286478,7.124669873408474,8.559543005250607,81.47614252698405
15.319075159104838,10.599124269889886,10.600575530084074,79.84115536057922
34.046501482258904,15.558509534208083,6.647884545753976,85.8057285659792
31.156055678912406,9.273168151536854,8.353018404100832,83.85916256113268
15.533719516047494,15.167905416561467,10.570215949213068,79.02922320863543
15.620942852129797,18.87390057634088,10.21418302886023,83.12692876483561
38.16598946252938,7.92375894736773,7.107390188989496,83.36703371733249
22.856769893903007,15.157526477814079,8.905741153318077,83.42961407885203
22.76605367667227,12.296877741307139,9.712332722627687,81.81169341888851
33.81998918143756,17.601778179718817,6.157474807130134,88.70328689516555
37.18121443459647,8.964372368092324,6.353163932252999,84.08940334951711
38.150026595571774,15.407824402827057,5.552287538489703,85.6727984951401
32.33445463147354,17.22644112060138,6.15169158321186,84.46753477988761
22.906489638272895,18.55767774342529,7.872461273344436,85.40245223274299
15.58751791746672,15.290600353620572,10.091647028105811,80.69143806733398
32.92867289818592,12.964684550105341,6.648352777347032,85.9654518968377
27.460106243395124,14.473090502515173,7.758034411124178,82.76497047407067
24.105550231174405,17.61131230598398,7.165385774390628,83.45652497379884
36.1588596273684,13.882621832985372,6.367481653264983,84.32112211024995
16.279937057653783,7.12983824621046,11.250139589218785,79.38188571407676
25.81562760727148,18.386858693837222,7.245301358936025,85.57090338651957
13.783841119185476,15.369084387894514,10.84249195219493,81.81560644195068
25.216516049853155,15.206417322215582,8.71951926051031,82.50950737355848
14.907581892045934,9.445939404971465,10.372812778660608,78.49650477450501
16.4704479067018,14.986068377908214,9.6516377726903,81.44956159634437
16.43815616942762,11.673305070676982,10.151801830619279,78.67096768012942
29.730257552901588,14.890412213018651,6.9254351069124525,86.06767909114045
32.15112198163558,8.082412878849883,8.347151092811274,84.46694759763162
28.08421912742899,14.97306630753795,7.615283158997107,85.7539127320279
37.55431371186354,19.242671572133332,5.045479101151986,89.71963064616988
22.8717644880926,7.35265048575695,8.89581834731456,78.71244825963038
20.642802157046518,18.964677302766468,8.91944698828034,82.70517573664307
35.21497820473651,11.836349509035884,6.136922735270579,86.95247454681946
19.089895962986315,17.63441812921574,9.141824403153539,80.62187402432495
37.58056348601528,16.529818550728418,5.718102989166776,88.55029635906452
13.80386186724541,13.837703262333347,11.41890143512024,80.30122451532802
37.746970667690974,15.980615115641582,4.974103399556011,88.0070954103631
14.578997798764403,17.731444516266848,8.489727684896678,83.22671253048352
35.77857784245178,11.801754020637912,6.740946100790804,84.5017927040456
26.692527727157497,10.837914519540483,9.511062867392855,81.50281158113644
38.32411990298251,15.094917319544809,6.265411597941495,85.65096051049889
15.344914118384972,16.848074274265734,10.083635742820459,80.91389649139673
27.34635711003302,16.278564184707697,7.418125857471217,83.55952691183238
37.73256339047747,16.722670610732933,5.92364802861322,87.18238407014698
26.57744610425372,12.194791435161662,7.943518964022772,83.98943756636329
29.23496595338156,16.972927702187768,7.420246538673632,87.10159892099955
30.89371722461543,8.252613192132605,8.411099655840337,81.11209273225842
24.86352661919433,13.55611372451062,9.09898257123398,82.1715392017764
29.188952002101587,6.8219832562265195,10.093742130601244,83.00000115158265
28.107857798077504,10.807322873753378,8.528537992910875,80.80252033168148
36.02895026227472,11.330769185892473,6.415112756807435,83.51043486548491
14.636159508536448,11.702158645115691,10.87965714542936,77.52287526743213
20.524079739805757,15.443340083623276,8.269145087050797,82.51541129189853
37.26028710191397,11.606976265879322,6.034539574190779,84.22276572094991
35.75659459727291,12.358670282781633,6.3652393190716205,87.34275201809746
24.891418819642823,9.719301635929092,8.876776791714775,80.94200440929856
29.00331494503842,11.41564739536675,8.138167337704164,83.07332528305889
20.434529574528316,9.590870340789394,9.638253567784826,78.75334147189588
18.203028993094033,7.664949047105545,11.345167177977595,78.21072932650935
25.092460123499556,14.293107417267223,8.412645395169102,83.69263553450482
22.333805700651318,15.102659981937704,8.838189702009775,83.54591425078664
28.0914027962718,14.493629325120182,7.618727683721153,85.04034489976927
15.44336592412462,12.543675547507155,10.682370824978493,79.7620444470166
37.85987019165417,11.497322252240373,6.690976756166926,87.37432905836783
38.15526861199007,17.541670619647817,4.879130576799363,89.5328802206806
30.95404285049363,13.238522314202726,7.069354838233236,85.40981423962369
26.90240915860301,12.739773470371638,8.13168913333532,81.1890542224514
21.238190407158193,7.070525822580446,9.593847583444687,77.02717930005824
33.844875492673715,11.015597845326955,6.744056294805464,83.20949089471479
30.618279313846983,11.502445234823213,7.487866915234791,84.24055626373719
17.565423483622283,11.735284761211256,10.73881717945022,79.40853090510136
36.27317961234606,14.002154615341652,6.351321549730501,85.89244076703773
34.06343107307923,13.42003183408598,6.846103965955028,86.9253896084766
37.2449978322981,14.348813659918058,6.399127365636657,88.29527620618401
31.642987709709,16.3110407692766,6.7310604484670105,87.45401367683769
28.83537989839475,16.912321733951167,7.466308185192819,84.47105496915901
23.956075907265472,15.72653845283118,8.37319317415598,84.04166140426915
36.81821208385033,18.694046199436684,5.539931828014245,87.40961483002725
35.15159723751021,6.97790728345452,7.206615131173988,81.89908141693267
14.630466752654735,9.197224821044326,10.04991434717419,76.60655978360363
14.1591743624313,6.844535937226777,11.64934515583657,76.15399716707446
22.91158417195124,14.843433926932537,9.477542144619841,82.33067930147767
33.76383326954583,17.975381861874837,6.589033767930404,88.44309940983395
38.18190323287361,9.793528707203741,6.952288789640302,83.65154682663442
17.260422277588205,18.337931809953833,9.990291133892393,83.25300279683756
28.353267883803376,7.503342378619511,8.823173861927115,81.43313697334602
23.02227141577554,18.43045033506893,8.30463602028735,83.23064292946421
37.74785994536508,11.145283590495431,6.044809524635493,85.55374975793899
34.55297307839272,8.017760355615206,7.30370490296565,82.57276434487198
34.458217617778445,12.823396989829071,7.067732502855521,85.65115190221837
25.217328994874258,9.95970709650635,9.639520355133604,81.0844572284858
23.87048755844163,10.310911274524035,9.184542659292568,79.7431328936576
20.335176798267657,10.591124561578582,9.694201323683977,78.60333516233452
14.909387416273178,16.787823722908293,10.075212937737419,81.17472844233379
35.11805940637633,13.48951595844068,6.828564099423188,87.34087633843357
33.82252522825194,10.641346239450046,6.492365610365334,83.57912681048634
38.492941832153264,14.37917229138648,4.571445313292755,88.03155189509106
38.41592092684763,15.70188342778992,5.261264875716193,88.24017506892932
27.385792640065688,10.157800009169172,7.963815257654407,83.80507745292529
32.72468537951276,11.919363769066894,6.988088259913757,85.66907519067715
37.119143247060705,8.273576166711845,6.836244766172346,84.51159447642479
34.74118476693529,9.014366869183505,7.047983811723909,84.45622417069042
19.68370254357994,15.263973174562285,10.07489728233504,83.40424589923504
24.763603382752336,9.017979346195336,9.432954803821392,80.43434789165157
16.728985378787375,13.314542295838251,10.382258759672201,79.45169135540263
37.35127568146806,15.613078271530409,6.073886694998526,85.29385834759337
28.654365861272,8.085961538684298,8.06181603805257,82.93689867062116
19.21607013758657,13.841402745361293,10.175131454388625,82.30530494103394
30.292517110146417,9.957034796267047,7.985059215262929,81.28838712395135
28.953206011447396,18.78658594046975,7.301611215260664,86.30802570415293
22.454067950821013,12.79432058399906,8.629109705715859,81.50987541151346
16.338939804990726,16.824906872189477,9.0065966251654,79.90648107240945
30.28932988981999,13.627831776953272,7.881904084505526,86.26020458597019
26.50769252259483,7.29265666068524,9.367767759427007,79.52815397090598
32.80795979339098,14.664392194925279,6.3627234349042565,83.77708153634966
26.504087527799832,18.64254177758321,7.042969687165204,85.58763248738087
34.8045375079635,14.270147751829139,7.036287727840313,86.90488706165284
27.297670969362137,16.98986074283488,6.972280748268676,82.91501937213134
27.523449288384654,17.8025807918551,8.221259500172785,85.81293765816552
35.41634006645863,9.600997149361657,6.601272046980091,84.39446838348807
23.587071655309927,9.400560498852833,9.76669755691428,79.0494057316343
16.85038071126602,14.387262360637397,9.882525265776692,79.30011466542021
14.219566907833475,11.88785587258381,11.249501953086904,79.09290961064788
32.37843139184048,17.248266285834006,6.240016777699706,85.59826638593889
29.007738783836615,18.00028904247514,6.992012433825258,87.4557001667463
31.10199420248059,11.167767241283975,7.699895661009146,84.87266607519396
18.82410403772277,9.710881987181025,9.852453166487555,81.2658528322439
16.909286889669243,16.506568940548274,10.087569453693973,80.51409699892173
13.863616641697048,10.185075444351702,11.017908571772042,79.91200970144169
22.264688970164926,17.03267898142098,8.452860401083857,83.0174137627841
28.24794217136583,12.046728170609535,7.621227652831146,82.48314910090858
23.306101127493307,15.09437374114338,7.368456883932176,81.03097794258275
24.436873050593228,7.944191422933352,9.400482795141267,78.51979951578971
36.10396736234371,14.548241558457162,7.378278004569141,87.2185318558726
22.206386675582507,12.397095984215364,9.666460411200205,81.25247037409702
26.34973722899527,14.082605789693426,8.183031495879733,82.24404998872038
33.091325318528575,8.850177596810793,7.497762882168532,83.72334985958382
23.413569558031753,15.960921811802276,8.50938076302933,82.21987206513087
29.052167505696836,17.534963469290357,7.407881536054684,85.84016265680289
35.05909271866863,9.459247501134696,6.553887923441646,83.53826180398524
37.238015591441055,7.946431944002022,7.492592937445921,85.4441863614804
17.17683702322595,7.045482325579205,11.44050090423855,79.05402868026658
36.66469062903736,14.774643755540826,6.384958173715371,86.61866628341713
25.802907326988453,14.33867545110976,8.48285508634071,82.6796188158805
19.95610970747396,13.583717658925876,9.556028738513321,80.67055916204892
24.978393905956533,9.649338701449693,9.468351031574649,82.3761117550397
38.00081438213692,11.636324948818935,6.525295448120463,85.16749222535908
25.81545234982174,14.180954189827162,8.107746046091064,82.05325487570477
21.718790257187706,12.959585735739617,9.000503201753064,79.83822473895339
29.335021357918144,19.097319002686092,6.8943260256444505,86.1062064919875
19.503640469454826,8.455496906959164,11.180457445812754,78.96181929929946
15.396583202716599,15.439306925594922,9.56023378279049,81.95833257266457
16.72199304776623,11.803984601303652,9.726241067374987,78.42314654063559
16.70114597394431,12.102495186570184,10.501776947843869,79.17530696148496
17.297567337807358,15.719972070727202,9.782934572757455,82.51088198520785
16.970679316235255,15.40545189155462,9.95671718520496,82.34787899448833
29.521868620080365,19.140699921277353,6.921497886746573,85.85128485845013
18.04700210997862,8.354928618176565,10.600759157960386,78.39256817341092
22.14168208309658,8.05137061730208,10.683889710086412,78.87619643524692
35.9197102476503,15.804235214109264,5.219970679115292,88.62782667361603
25.34904100657181,13.979836462580113,7.993967816908497,81.47122194996992
30.18894346302568,10.177008331997573,7.959032677520704,84.66248406371261
17.807996780040746,7.742742112362333,10.030394921560417,78.97496168629851
18.30722547021677,7.8207281199553815,10.6525184857473,78.54674749979411
14.521715406661972,17.92738593330148,10.812284111536393,79.45810523845716
17.723376576804114,9.148341558984287,10.668516694939512,78.67873436392297
20.464758475798966,10.792144526444009,9.978577078732947,79.88727777332822
17.92526210691867,9.58320502783735,9.922384441854373,77.65573589111102
15.71756334392639,11.187453822899215,10.4451885537601,79.61588894634023
16.51589677751502,7.617798034326167,10.9415527491861,79.68649187645812
25.019469200818143,13.238247386353379,8.426511503505246,82.8498949590449
18.658342960144815,7.595157044902686,11.344879748737517,79.29457881178031
22.60674652620189,16.75445634777952,8.819327772955255,81.55760830723644
26.08543177137142,9.671401023880414,8.351474513675138,81.16485792423155
30.75987071573413,13.500148932556382,7.5212559061857185,82.89345472840077
14.482803496027474,17.750988594518226,10.264901885865164,81.69641982876158
33.48525997272607,14.885967113089928,7.2151274577519295,87.5538934699104
29.197509737272696,13.411972331891691,8.513972546045894,84.57115278382504
15.543975798721798,10.804171913942195,10.338031957250376,77.09207369845109
35.339465602669435,10.912523913227474,6.464799536876822,84.18551406603216
36.52181001329533,15.118586939977376,5.374061026887018,87.00663129774296
15.026948996371594,19.176742015264594,9.5760889688825,81.59161252955032
20.421941203680092,15.022989873117233,9.470342465519563,83.2703543522516
33.65503199482653,13.722292717125312,7.279316951760448,86.64411070413803
32.20649225959146,15.883131377990576,6.713256329561861,86.26252430948655
18.113025483909432,12.565070153546477,9.90771061855872,79.75376748712223
18.733733083417757,7.5017792825098155,10.778865487064344,77.44217713308223
22.76180256978455,13.778710198473872,8.538261505457,80.56352212317742
25.613074629775532,18.72031605631725,8.689107026444692,84.39163954540578
28.9563692882574,8.941286779470746,7.638702611868878,81.71611556709638
22.72284098924431,15.375061135258322,8.81654292131025,83.47016845129292
25.063367903328697,9.261671108238206,10.184878862713349,81.65631811148418
32.18677345334392,13.447846055913516,7.123868323224188,83.11560301693359
14.417080072264948,7.958455620583996,11.402796124958662,76.88954353163771
19.81092360860052,12.379636703227314,9.577147061390585,79.42224723274052
31.33373964711381,16.202041611190577,6.787749988017447,84.3081893598776
35.88017094217999,11.094644052987276,7.421193440954176,86.31111750279788
26.291936052891653,15.061396556090225,6.951472350343382,81.87980030516862
26.80283713163289,16.693124509871616,8.47718074784084,84.19483244704699
16.179300283494403,18.33972274349316,8.876202955552072,80.66249380551164
24.685309170586365,9.683026023193168,9.052158097786544,82.59612402316708
26.815431661375577,11.741448947616352,8.2360741154331,82.76937113055935
19.56176259086824,8.655200166630218,10.658644091717179,78.05613138941995
20.231080773734526,19.15604377697969,7.856315102764267,83.54145089157774
22.932104077615566,18.33751209905369,8.469038702659805,84.94058150171861
14.00177994444316,13.499464128506995,11.761879203478745,81.23279167041348
21.55197913957946,17.275416179705267,7.991704742831912,82.0575442307376
18.786200174913617,13.261974715900529,9.923316841437394,82.28537702735167
21.687433804447867,14.544821100034497,8.724798985206947,83.86137503801811
16.49405329548128,7.864055401450208,11.309524633782729,79.55952032735273
35.763182018497375,16.1908802562101,6.003305446576885,87.5469641354809
28.339811338851217,8.346418545440436,8.334331495891536,82.15979343757036
30.47755797861224,17.075845378156604,7.162047739989598,85.38644807758159
33.229280965183456,16.525351095879824,7.352515197474706,87.38851625712212
25.96105497322643,15.609308721787205,7.945940801222982,83.95721605408653
15.673007202185593,7.202004756559527,11.719976817153043,78.09245634819267
26.927663545463695,10.539104449316607,7.961965144574187,81.80777245876092
28.171027950521978,10.038907123885537,7.95674015290377,83.19285709088336
32.13598685460825,11.251705093393989,7.696250004009441,85.23936416415826
24.291488655741986,7.845534334547982,10.281930132937386,78.81140535695306
16.689507569889095,18.461972787888286,9.645609242231767,83.52336024841895
20.59439764496811,13.672528008904703,9.248712254409094,81.60851662421354
22.577057409965878,10.569053883225294,9.473876138234706,82.17940241264078
29.647931033290032,11.712268963428542,7.263369581842852,83.10449372072249
27.769457616722796,12.340031756310445,8.472361376386557,82.58301192907317
22.402418147446156,14.257429167007716,9.397068526621315,83.88394004110582
38.16288121982449,13.195992846206222,5.736979662687627,85.53193857462344
28.64437048392218,18.242399665180216,6.87474487955878,87.06712031239331
19.43066979339986,12.962043536322877,9.877498625697621,80.75010064258672
16.044561815510093,19.15197518529141,9.274931491083972,82.33054038897463
17.321478479608302,17.392811971813696,9.468716200993374,81.18744145856591
19.648943209612703,9.356381429466698,11.291615038240712,79.72940433714655
17.517034331488894,18.382440183048953,9.19071425587188,81.70893115777109
18.164175601282643,8.204579973568451,10.532307807697594,76.68816232677877
20.627379217346178,16.968121356139896,8.580535050292198,81.86345672903724
17.83433988236887,11.507791168457251,10.654059334007608,77.77893460571993
35.91913561566063,17.724679005563367,5.641858939424317,89.57903143515097
15.505843641541055,17.600708626343128,9.509038458579607,83.35502538227854
26.612784739256366,16.824067501470264,8.389484943064693,84.09408361225424
23.759920674741537,16.625380453838268,9.03901029923277,84.49161180131634
38.059465422715164,10.55848923872551,6.079121746778788,84.82445971594645
16.30097255420131,7.761491038140653,10.217311857758332,78.47926080986056
23.446389976143543,11.78725223456452,9.621391014505074,82.7705380588528
37.736760831884226,8.919056437331358,6.347474455143449,86.47567580326678
35.137678147349504,15.436888611280771,6.6272438784193675,86.11690799211586
33.926801773731995,11.07624658172232,6.143150749139334,85.5417310966327
19.947570676123497,18.945127510748936,9.190015407312615,82.4260360096651
17.772189684751645,14.76215096681665,9.200653453386783,82.99784650732673
30.216080498110774,17.03100704542951,7.34251490309668,83.78030536266245
36.73439972818964,8.406558409273105,6.974272826889322,84.59705850817062
27.419072325348246,17.525181028407783,6.98543867097086,85.67381803557289
27.790317236747498,18.284464881417428,7.070748663974494,86.20306335188774
20.499477341507102,12.838273985236698,9.892522662391425,79.56670311170316
32.73732332979842,14.328161721887218,6.931258302314848,87.10658082158693
18.176093713938084,16.310122511287442,9.785469370755509,80.50161023489673
21.59198091010609,8.935482840755157,10.904501684123252,80.34280102229324
24.135910965410417,13.03207595579303,8.010885607693435,81.14430798843267
26.190259467111375,11.733287847153914,9.385561216988949,81.57925864708005
19.560243310377004,8.579674902028113,10.428178071381987,79.28577712083684
16.37092061848009,11.344180278644142,10.149796810345796,78.91772197125998
28.765501061040816,7.60215386731867,8.01641989482454,80.11141426914574
20.715763831006395,7.072648836868587,10.276389712879915,77.52753429373274
28.030955535565305,8.439578614435284,9.163697156683876,81.2576972590949
17.359067881855058,18.78893889486467,9.221071029210519,83.55242783560439
25.528502546370436,13.619119198687713,9.182009076046429,84.49805703077737
26.814735813789646,18.82277701441525,6.663048440054003,83.71004219894053
14.795588420560673,12.15622347912665,10.786404320095839,78.67358154805646
21.915106954848014,10.647701663565744,8.968626637288976,79.0345950067722
16.860366923474356,13.076773285503052,10.423226563792154,78.15518931377392
15.084374261819194,12.243896107911375,11.164984426498105,79.86974545228614
38.24900580974863,8.0708085532718,6.504196658218976,84.91282293209966
21.558846124368074,14.760328933627578,7.747074506768682,80.82386186602099
33.74686114636587,9.450477281369995,7.507530251919572,82.63950058883002
19.866016369094098,14.49484943622287,9.645938586614504,79.65257569979545
30.537568055598232,14.877513654976918,7.438006718114663,86.25206470144785
32.50569649724216,8.650310664108101,8.394205196846428,84.9105955990101
28.390968515196107,7.516870338883352,8.23374890630375,79.86587683729093
25.28940471375396,16.5095198258555,8.380799136096106,82.91653019952957
23.796022853681713,12.497505297116502,9.537423390935169,83.41144707073884
22.221706663574885,7.4770474438184475,9.119807758708998,81.16318616842459
36.73822860619565,19.18582896462209,5.509305847027045,88.17430969893476
34.26548519469323,7.472257012454583,7.34897449368933,81.27103825246608
37.62567276666282,15.437940360731915,5.693413056006826,85.42044530906288
16.60743058713862,19.04598656579267,9.570454139472542,82.6964232667347
31.771686880091107,9.73975130269907,7.516085646520142,82.79898702067966
36.958511420525944,8.528117108589953,6.566226110025511,82.41340997990437
18.030826654141503,8.267311742780361,10.745814116498657,78.84918226260483
15.162406684169436,10.540939344594944,10.417754792045468,76.6103078894449
32.028016232251474,8.013072637633083,7.4245232934621495,83.76312175732576
27.8618278294978,15.40201677117665,8.032018559902195,83.54508634813348
34.5457194189568,7.528647476625784,6.962161977135443,81.33620682837427
16.994309415657238,13.117776601872372,10.541627877042302,80.49881234937872
33.38168279649726,19.20871067316221,6.248652486153191,87.08872676594628
18.540683001193614,16.924628368825235,8.465265780042193,84.02725790131677
17.591398571642614,14.440242977887635,9.551901512820503,81.03031141266266
17.606644948274823,10.578170259832646,11.064000172893824,78.41421831256353
33.864368005784556,14.54869795364548,6.129238940226425,86.61654504172945
30.129930517405004,13.338018298895644,7.316109020529957,83.2601544849506
26.576635619227982,12.076042298629645,8.679296977985903,84.22038077085051
22.470762103087562,8.383879709252493,10.21496087763591,79.39366839665678
35.430013520327705,17.832552690505835,5.688344949336335,87.76149938340546
23.311127685565886,12.37230811026653,8.758173149001022,79.94455396507328
33.91498598678943,9.182781397759562,8.125770523827432,83.35209330694957
24.47837271425546,11.34699188596612,9.846726506152779,83.01176272730707
22.923610735622688,11.926621906611587,9.690713592274621,82.6703272047848
25.06699464174016,17.094223694585928,8.04012658874659,83.05506210577052
21.034446854103553,15.920179757017525,8.575950804806196,81.38272224308032
32.19023450440628,16.366311170516745,6.266784220262949,87.27281606838152
26.06800975231198,6.88789080535809,9.589471481366768,82.09715292851413
19.30531737867043,11.95192497724702,10.130346888123201,78.75380888959194
35.98936433186421,12.766801895441546,7.16290614578414,85.50376461544077
23.097280534330284,6.989903460288208,10.232283420358781,78.8749626602713
27.088821527849717,9.997665109312928,7.906045777153209,83.40846632390983
36.161802774113674,16.253622789026686,6.430569835684721,85.48408960656485
29.105949897849804,8.463871321612489,7.985199008530959,80.76183726823209
16.4224510177091,13.441376643157396,10.082317664008395,81.11315931292167
36.99580309033688,9.44002340021547,6.884935975026151,82.87992568311212
29.192701326785446,6.9015096830486655,9.699067027077593,81.28855579411226
21.872640366427152,9.765018219994268,11.29067847171811,80.03622753664473
16.98180181658468,18.948421936375674,9.639737875794802,81.81151403548067
33.3506297317574,16.76921389853737,6.29789365950772,86.09116374021787
29.00181889821284,18.744708054012918,7.230182836495769,86.11819123878995
26.83652729940804,12.848175549079532,8.724295920693379,81.63569784300775
35.847314576273945,8.121702483468795,7.026947899446295,84.09085887940407
33.214930280613274,13.599493612171162,7.789695580007831,86.42600584625238
17.29187199331878,12.429716681999512,10.36720347863202,81.00009198995608
21.293051694888707,17.3044635342452,8.969591675431175,81.72530054093977
19.712228495361643,7.976032259803057,10.769111587984444,77.50107933149562
32.098657314316924,12.853014212772226,7.438109710528009,83.6435003503836
14.338310868394485,8.625608308674803,11.832966830254689,76.99603548935241
27.74724212178291,10.80844908612575,8.095657619451094,82.0813745966191
32.56146714351726,15.966963467347496,6.3885111742214065,86.67401439732755
35.41914091904374,12.700226617109582,6.036060707138966,83.73255465122028
22.05204371789769,11.448603564322116,9.667051337082258,79.13374535800241
34.031432616800316,11.680953482125442,7.406038706077177,84.2494534296659
16.26579342388018,12.493084605074833,10.676765057538681,80.4656266377459
34.66130729336295,16.56270679796321,6.995578738306696,85.5972162790201
16.68721655829956,17.90105861175293,9.549599887162625,82.53260633721604
23.43218226400918,18.691683581299102,8.419181837799554,83.3456406634836
33.432384144488836,16.58629232819119,5.854728883803897,88.00857660987718
17.247935683719344,10.69258619685016,10.327975082491406,80.83417496092234
19.231284880816037,15.351683826081777,9.773759328707413,80.89920781180281
31.556314209826656,12.2200390506924,7.85528235580238,83.07488489907792
31.50091341365186,9.93338277557564,7.63782642710119,82.86884302259074
29.528690822132432,17.260894742824032,7.044327998220875,84.52509148448995
30.8487111116775,7.230329362029062,7.561771500019736,82.63628045148168
27.068111083689907,18.022024901692795,7.279559447604795,86.43350202397723
19.794976472673817,12.518468307809176,10.183426041053753,81.43824878857068
22.142399837597985,14.715018460103504,9.22686977151816,83.6261291243182
18.039942920035642,14.991924027572283,9.968555672547634,80.7967211358695
36.21126403334071,17.938971758831705,5.6667882730975805,86.46423579637033
28.08479486915301,14.708371027090092,7.755316951419971,85.06059066117231
23.521285419090997,14.424169809500771,8.376956875019962,82.06795157009383
25.050145091103317,7.583150507008624,9.776912615829309,81.03338703105098
37.18208349029538,13.23010027431505,6.36455473298836,85.3292409247417
17.333785077902004,8.62711251021302,11.060185531884045,76.7758990666825
28.15574580041993,15.96792210901857,7.285645102229437,86.60421976568445
26.14721697211165,13.152774010158431,7.295969044118283,81.53008072741927
28.786355885866193,15.252847240104416,8.078378092687947,86.49072963765553
13.952754595521013,7.270911257529804,11.454393664262126,78.80331061193401
35.303097723603784,7.809900200572541,6.911507543171801,84.6901618129423
36.802957062090314,15.704042350783528,6.205541690921404,87.7601959072685
27.62832958973022,7.651054199983417,8.705669632096876,81.46014875791677
30.916270596922306,7.6407090970657325,8.77560770807899,83.5955709994143
36.562484529432396,6.901355940436093,7.535802677836454,82.68704582148212
31.180965857834966,18.706267478743502,6.87465136822172,86.50752159878739
17.313476072856535,15.968854493237586,9.033998755842788,81.85914449661799
27.90720900417033,11.165642606275803,8.924683800917764,82.28318164723939
28.6678761595714,10.45669476609569,8.403545818788293,82.29298657067076
24.10326678255965,11.121290371823118,8.901514518091501,80.80063485350547
31.91110589061807,16.43316913976477,6.7994976845827955,86.20352668982947
36.85917536922537,15.017132638380179,5.062477413948738,88.26690377818014
36.63921282266941,9.064944598343349,7.091742151454951,83.2238551981634
24.770984285103303,8.926366691676055,8.767162385136896,82.53957411721517
16.330951146018883,7.979945621417467,10.435482784661836,78.64761420736556
38.12102997405836,15.003783996266726,4.939046812639373,88.53091544144431
34.472452161148354,16.3046582777717,6.791155013599536,86.88836172997323
16.616567030081672,10.06308035406255,10.427592844027888,79.92826905634578
36.52104706543431,7.01181201288641,7.985882639938425,81.62584051414272
35.247409051553205,7.777145843455342,7.091045581644908,84.75860275196624
26.470951428151803,18.848250435562882,6.599893170238733,83.44114103901215
28.281885893623233,10.443059718467753,7.793901643530861,84.02144316092551
23.475067596753256,16.36528934797667,9.043098888456317,85.35648700717121
14.869040970550783,14.558294610678297,10.339498525319765,79.26029998414366
21.879931041147522,11.524245495661198,9.196233319176017,79.81495173575192
33.571336214950286,9.32109077744444,7.542578253319671,84.66129063089501
13.615800575115072,8.26733022699258,11.86263171901187,76.20377762701257
21.837479292278605,14.437662100485833,9.600554234422635,83.58855816056672
23.454217339773585,16.43292225797235,9.143467808295894,81.82080447375093
26.934890073448074,14.798803169264133,7.788317187026223,82.3038090752575
36.49639041031901,13.37877666561448,5.605881575053006,88.01703400974394
22.15864985914903,7.274390292895453,9.845378903674236,80.05270666798292
22.173830047405694,18.856109719929798,8.441957785820835,85.38214179990943
31.93753120274371,16.73392739568218,6.195525186993625,85.37214782850205
24.80544852224518,10.41027545876206,8.573793519289135,82.11167973826078
19.11512057349955,18.99962911698563,9.073925458527187,83.5113551280785
24.810987903317333,14.273519870454027,8.447448262983203,83.36530479966859
17.021425509494996,14.03028322759058,10.082570911668206,81.24867078203562
17.909674662655583,16.10091474286915,9.198680188688476,81.91470498846071
25.959194318486993,16.89712235112672,7.733392426530709,84.06285671320745
23.973136237613698,14.955982591643783,8.07485879159654,82.0780246854638
36.3711475267025,8.3511968295775,7.4931901757852675,85.12614831349455
22.559847477915827,10.97834382493123,9.933903598039024,79.86438149335997
28.014708756951087,18.35104550407562,6.296307491879393,86.31424805333322
29.30660719798826,9.557695148048149,7.8152688580989205,81.34839150921304
13.82736141470834,11.402087797968917,10.350949919817955,79.01036422341788
30.088434300417767,12.15096103680245,7.40965701719263,84.67522777336244
17.950899171743785,12.242562371180652,10.106716825078966,78.95715025562156
37.526757936736374,14.411744781181568,5.183064085626224,85.06249849693877
17.216568193827825,18.538447971808843,8.889989258900451,80.90424461884858
23.865603093175594,9.758658897906312,8.836101860638186,81.2871323561993
15.633741701966096,8.268767203761476,11.311570243742032,79.19541501699736
38.42185629614868,9.218381123249216,6.542543740801006,83.19389662308599
26.054875258281065,17.83656125261587,7.327671983782779,85.68769211469724
28.384625433001094,14.822635158190074,7.763090075740968,83.60971627697657
15.176911934710688,10.323834865489502,10.717702340940804,78.39672100628711
32.249011759979446,16.949336737107714,6.446969582274926,87.96987642221917
18.747639827389644,17.51712495454295,10.034629336489896,81.75902794897746
35.95135723601784,17.331429233628477,6.455244693647333,87.37932660001469
18.62849101205018,18.23658167049443,8.464023928551999,80.73790963085555
18.267193016591662,9.903012752167019,10.850975692796203,77.56775788586366
14.413741696202372,16.18802410932848,10.669746321606047,79.63369851713124
25.30167362774998,12.50674371592675,8.064522072684682,80.50460853798
27.621028331565412,17.27498191112577,7.8689358688954805,85.52180256811293
15.14271598570881,15.856133464520164,10.93700274238649,80.3908616087272
32.88819041737526,16.45559308124656,5.967750551215756,86.44127516862329
24.832220868700688,14.952022971013394,7.90700097010072,81.92906419260088
26.6097567331895,8.967859618371335,9.416700444028152,80.55379898505184
24.519068673455706,13.56283648621173,8.772508447789923,83.2361530959323
23.51907652188315,19.058371744056352,8.288167071634678,86.3402825487091
27.491008282705447,18.467350831213984,7.47699032697706,83.63590991170607
17.38100614826781,7.289671697462646,11.200695976191113,79.49170780688647
18.048203262381776,8.810185196617965,9.98059550387541,79.04605986260655
35.04464052533793,8.396609668182023,7.830239298015834,83.92771429189666
37.15288655334082,15.824748874816194,6.355505354323292,87.27687965675976
22.832732906993826,16.972316623211814,8.347910553085448,81.71632286499961
20.268616828588844,9.418892078883399,10.08670434754279,78.00764928707466
29.599988580975396,13.073158661897862,6.92847473324238,84.3129080616881
23.71835427745241,17.25878785014,8.499638344997434,83.18285570903394
14.134658891508622,15.910019309578132,10.647594046118627,82.07347765759455
17.40381493415476,13.527965068648104,10.033946744372177,80.05869265714355
31.399305721184938,14.12934613073466,7.737913616088064,83.44465600345991
29.973098547753786,13.1045068364535,7.447665649491247,84.89260763291568
14.177399812587087,10.469355641485258,11.451419654206592,77.41437588613428
19.049304048323737,13.812774910737701,9.183390784378538,81.14178240821578
19.276869914701784,15.361066275626133,9.403690000278603,82.51881862668166
30.29731858996821,17.666536448260096,6.778378685815924,87.55686660110278
13.992763443859104,14.703641924740602,10.683554983537558,81.04805058226069
16.102714549614348,16.264019213039475,9.73009074370453,81.84186632159098
33.497902134329735,8.750895436932161,7.497048959758394,84.06826154465236
17.963616551358342,12.519468430247374,10.517380010911976,81.98057091363479
29.81865269629687,6.866645247838666,8.362890554945716,80.67555029801068
19.454569526168164,9.833485806520288,9.405774673418984,77.57421355724331
15.98603481898363,15.83077143891256,10.8779692724691,80.0159372588529
19.57930477498635,19.14762439186704,9.477722425567915,82.20440670774968
31.55667329639148,7.989726244840199,7.419075056442863,83.11023082730951
34.89241170265714,11.768678948266103,7.176069719851252,85.5100414891657
34.25549661417479,16.750887108739494,5.959780225578446,87.15084935856713
23.42958824046137,9.300445432861235,9.62575914464407,78.61402841812071
30.202128414266156,13.688561866278578,7.628402101711728,85.25117548859387
18.624607385395525,15.913391200370935,9.345865942707093,81.046860345709
20.828693256525334,14.449818128252238,8.849905796663899,82.48875918428502
35.90839546302799,9.100309182692701,6.683004003832366,84.43895602599409
13.825048087768401,11.192307108571743,10.673048358419937,77.79536097147084
15.6377132713617,16.547397306067467,9.549436645702317,79.64857797225193
18.697156378650682,13.677831426650208,9.750304865247653,79.25795507489723
14.163305096845493,6.8153701692864095,11.362153460682563,78.10121292921711
18.035885877244933,16.262384500351175,9.869491182354647,83.38930973164018
28.076039024242306,7.191391936752988,9.624706482306554,81.69852066903108
24.03561376481245,16.0716722841404,8.067099783731427,81.85308950254182
35.81679277692437,9.281007002065468,7.139192644572993,83.86554950145646
33.936089043461024,18.725918501492252,6.228736971235424,88.38695091405583
22.0454337924469,11.349259391276057,9.699525468278846,82.07261743028475
19.985585835782313,10.836645204225988,9.990363686167681,78.60320832158943
22.99231020418167,8.611100629155558,10.056214073970192,78.14225618829826
28.257373562870193,10.570052693627686,8.579141859722135,83.35378132983456
20.201591020571907,17.708134522852507,8.259630406294093,82.37011581925739
29.103722696228353,19.204179220340592,7.308206609897876,85.23071382347779
23.73529130478101,11.353869131335603,9.568506787976828,79.51372492312665
27.301179521299506,12.357632886931782,7.87947611061104,83.09460463820855
24.403163228382915,15.775886727534212,8.346953262917085,84.83590660123248
20.861643988547943,17.827447255813432,9.07021861032393,85.0199986839801
37.21133267405392,14.163054177334802,5.903618428799314,86.89160127560325
32.59014485399402,11.644071227222867,7.846849369000771,84.29251725804693
17.002829394161314,11.907773010607798,11.570204416886249,78.00418356444848
35.211699397447816,15.445226831210086,5.822883079511431,86.73709175788878
25.68577995623784,6.790228295053484,8.728787462917522,79.74174162075433
35.863805672352285,14.494866718248009,6.379918155594778,86.78562951253919
33.496381398682885,11.193662630516968,7.557455578248949,83.88128486331783
24.130337611730837,16.67746664096355,8.131879294586914,82.67128443370613
14.061732708002936,7.912382997789152,12.302426340391557,75.56333411243004
20.21693398462365,14.102528336854881,8.746931052685412,80.76576530848462
27.040855366521672,12.762161123576547,8.59896406967499,81.40370039653813
29.336955495653683,14.779069073815343,7.187818129417514,83.22030208151817
19.947192135830058,7.560669931037104,11.31115003628207,80.75777024748204
16.983901851820605,13.999797342851641,11.074507704792191,80.2715037203133
34.373255919982476,13.768557349494046,6.251736919687723,85.74688678181242
38.11005451758881,13.758251180202137,5.614472851497627,88.23079094230636
26.642254557567146,14.293595832455685,8.53230365710812,85.49239030221517
17.791982146207587,15.205849215329527,9.542160863564295,81.55079212737282
20.307683162984226,16.81236249600962,8.968903384035594,83.86714523147579
13.959766913686668,10.12275900160268,11.27732697729347,77.34479777209378
36.357470164012476,17.063117627250776,4.7842017450110585,86.75546392989322
16.44377707225353,12.97819602829317,10.332596308258202,79.53522641697157
27.91291188785634,7.71322848917914,8.490569462019774,81.94919401272315
20.35138051718015,7.48188661554974,10.135879493031622,79.62693555839434
27.354450062894834,10.927978983700761,9.186729141600326,81.63848435094656
29.785509708796607,16.561212213893345,6.505462779017048,83.89297749474284
34.24354509268004,15.596011684261446,6.793491822198763,86.84105322737062
18.66053179401508,16.60768705840508,9.212259117270317,80.5545378103216
13.774895716462012,13.215863205520117,10.697761291631663,79.53278403006398
16.922140751720182,12.252487474443633,10.747884676515273,80.55132572751874
36.00046604620263,8.593156583828549,7.255958950469636,84.83984843297002
35.347251939062886,10.852409420116395,7.162994697779728,85.75902779240381
28.435327554257707,12.17524207717344,8.545740507838872,84.69213278340933
28.512921510841334,7.857505370995216,8.528135700590788,81.49671456950963
30.125916863656386,9.50764940889014,7.817550848681327,83.56183158077124
17.88428196558624,14.227816175796736,9.321395917234343,81.3331020014579
36.360298648123994,15.945788927989874,5.498366666187242,85.83296492482388
23.969263122301825,19.22934389241187,9.371293004332216,82.78527507313294
23.078463206237437,18.413916641794472,8.819559652851733,83.22727116129676
26.47294263207094,14.782064994189895,7.387564541353317,83.42684361264772
14.674149169376376,12.0156006661759,10.176601087826555,79.47690879499788
17.657084218901986,14.70221705885291,10.079183628250911,82.37784941122459
31.95084041065926,16.5706452260029,6.972867532656696,84.7984930804236
15.569966698128162,8.229202386542342,11.501068220051698,76.2648701236493
28.578802736659703,11.873811121203603,7.950689887710668,84.97708505937665
19.633727742033024,17.247528570445215,8.998398036025163,81.02130798829361
23.232390351049414,11.54791189916305,9.360274906995338,81.30284614540881
20.717343419267497,13.898403390339832,9.38971731074219,81.9168192970894
22.39181791162373,14.097117010777477,7.872418679684864,82.32188986142785
31.47614762960614,9.055953164170493,7.806477684165601,81.2093541826818
20.928042890579377,11.277943020653606,9.271996751655927,78.81769773144973
27.66011600742243,10.931391109274152,8.490873841578646,80.89252495578052
25.40126005497749,7.07745885665081,10.925758661808585,80.59371229464402
30.091779134066204,7.05239704864194,8.68252544862762,81.82587211021392
36.920743483118954,17.14621304594717,5.462154503397933,86.66967143146154
31.81430243025626,10.163385124660156,8.14853249623835,83.96074134632329
18.87350946476892,13.225984577985193,10.057744363953043,82.03271667884735
14.279578376532116,10.484069669859663,11.356521119440547,76.44381722028986
20.056601107495627,18.508490563941756,9.090831490517445,83.21289633201756
28.37694826750637,9.991209485822171,9.429200706040172,83.06680992299152
14.785645337106258,12.120710159236689,10.234320191030287,78.0932253731053
25.90915618003091,17.65912813105752,7.981115582740916,83.86748172760488
28.42107122292223,17.274169584897606,6.836469752690143,85.69054081279326
21.856097270424023,9.076267723078466,10.120096710624548,81.57907744413355
32.772805093645545,16.78304137244638,6.0436395196608865,87.5847557582838
16.164956328344296,12.477336084223658,10.261724914895048,79.97294220859108
15.378444543395219,12.78711090106694,10.43369949904196,80.44926459447433
31.704718905090083,8.418499655199298,8.459189630374443,82.13810541443793
25.88728290515496,7.757518921964058,9.693142802645605,81.23305455272714
30.710059910693403,15.849241337172066,6.432743129062317,85.21744087258708
24.370683465093656,12.955764404441247,8.784965701815006,81.05325534713484
19.66005083097767,12.210633782689744,9.456604839026419,81.38922185787821
33.977557941855,15.868852858154959,5.769908027568089,86.56666707521376
33.485396974224486,16.31891123738887,6.3215753943345865,85.80766991503725
30.86741177136067,8.73635209586692,7.936823437119918,84.20012113006949
20.303628430749068,14.377814368470517,10.57096040175237,79.72595074791985
28.255766671727176,8.44192602847107,8.874037674064251,80.91659301790455
22.52434742350067,16.142188575363072,7.959993478618287,81.24170524830602
15.789551833165854,14.961939453339244,9.89041171328047,81.58775059617196
36.43283938655607,18.707682763543225,5.992971355872001,89.02135473783927
16.920465772974033,7.611975204455264,12.093331951171866,77.24633868861959
37.25593384552006,7.463184014390679,6.211343972618406,84.66470536824059
24.650144323948894,10.277338433665001,8.163408177590947,80.88972757543448
